{
  "cat_maps": {
    "Gender": {
      "Female": 0,
      "Male": 1
    },
    "Region": {
      "Rural": 0,
      "Suburban": 1,
      "Urban": 2
    },
    "HealthHistory": {
      "No": 0,
      "Yes": 1
    }
  },
  "num_stats": {
    "Age": [
      48.78333333333333,
      17.926738898469836
    ],
    "BMI": [
      26.18244751451852,
      4.486109054063328
    ],
    "HemoglobinLevel": [
      13.424458831641255,
      1.9819288360015908
    ],
    "IncomeLevel": [
      82780.23666666666,
      38718.38717703838
    ]
  }
}